{
    
"countrycode": {
    "1":"KSA",
    "2":"UAE",
    "3":"Jordan",
    "4":"Kuwait",
    "5":"Turkey",
    "6":"Oman",
    "7":"Bahrain",
    "8":"Iran",
    "9":"Yemen",
    "10":"Qatar",
    "11":"Egypt",
    "12":"Nigeria",
    "13":"Kenya",
    "14":"Libya"

},

"studytype" : {
    "1":"Concept test",
    "2":"Product test",
    "3":"Concept Product test",
    "4":"Pack test",
    "5":"Ad test",
    "6":"Concept Pack test",
    "7":"Product Pack test",
    "8":"Concept Product Pack test"

  },
"studydesign" :{
    "1":"Monadic",
    "2":"Sequential Monadic",
    "3":"Proto Monadic"

  },
 "placeofinterview": {
    "1":"H2H",
    "2":"CLT",
    "3":"Online",
    "4":"Place of supply"

  },
  "blindbranded":{
    "1":"Blind",
    "2":"Branded"
  },
  
"city":  {
    "1":"Jeddah",
    "2":"Riyadh",
    "3":"Dubai/ Sharjah",
    "4":"Dubai",
    "5":"Sharjah",
    "6":"Abu Dhabi",
    "7":"Amman",
    "8":"Irbid",
    "9":"Dammam",
    "10":"Abha",
    "11":"Cairo",
    "12":"Alexandria",
    "13":"Ajman",
    "14":"Tehran",
    "15":"Madinah",
    "16":"Tripoli",
    "20":"Lagos",
    "21":"Aba",
    "22":"Nairobi",
    "23":"Kisumu",
    "24":"Mombasa"
  },
 "genderofrespondent": {
    "1": "Male",
    "2": "Female"
  },
  "nationality":{
    "1":"Saudi nationals",
    "2":"Emiratis",
    "3":"Egyptian",
    "4":"Lebanese",
    "5":"Jordanian",
    "6":"Palestinian",
    "7":"Syrian",
    "8":"Expat Arabs",
    "9":"Expat Asians",
    "21":"Asians",
    "22":"Africans",
    "98":"Other GCC"  },
  
"secnew" : {
    "1":"SEC A",
    "2":"SEC B",
    "3":"SEC C1",
    "4":"SEC C2",
    "5":"SEC D",
    "6":"SEC E"
  },

  "overallopinion": {
    "1": "Rating 1",
    "2": "Rating 2",
    "3": "Rating 3",
    "4": "Rating 4",
    "5": "Rating 5",
    "6": "Rating 6",
    "7": "Rating 7",
    "8": "Rating 8",
    "9": "Rating 9"
   },
   "liking": {
    "1": "Rating 1",
    "2": "Rating 2",
    "3": "Rating 3",
    "4": "Rating 4",
    "5": "Rating 5",
    "6": "Rating 6",
    "7": "Rating 7",
    "8": "Rating 8",
    "9": "Rating 9"
   },
   "purchaseintentionunpriced": {
    "1": "Rating 1",
    "2": "Rating 2",
    "3": "Rating 3",
    "4": "Rating 4",
    "5": "Rating 5",
    "6": "Rating 6",
    "7": "Rating 7",
    "8": "Rating 8",
    "9": "Rating 9"
   },
   "purchaseintentionpriced": {
    "1": "Rating 1",
    "2": "Rating 2",
    "3": "Rating 3",
    "4": "Rating 4",
    "5": "Rating 5",
    "6": "Rating 6",
    "7": "Rating 7",
    "8": "Rating 8",
    "9": "Rating 9"
   },
   "relevance": {
    "1": "Rating 1",
    "2": "Rating 2",
    "3": "Rating 3",
    "4": "Rating 4",
    "5": "Rating 5",
    "6": "Rating 6",
    "7": "Rating 7",
    "8": "Rating 8",
    "9": "Rating 9"
   },
   "uniqueness": {
    "1": "Rating 1",
    "2": "Rating 2",
    "3": "Rating 3",
    "4": "Rating 4",
    "5": "Rating 5",
    "6": "Rating 6",
    "7": "Rating 7",
    "8": "Rating 8",
    "9": "Rating 9"
   },
   "valueformoney": {
    "1": "Rating 1",
    "2": "Rating 2",
    "3": "Rating 3",
    "4": "Rating 4",
    "5": "Rating 5",
    "6": "Rating 6",
    "7": "Rating 7",
    "8": "Rating 8",
    "9": "Rating 9"
   },
   "appearance": {
    "1": "Rating 1",
    "2": "Rating 2",
    "3": "Rating 3",
    "4": "Rating 4",
    "5": "Rating 5",
    "6": "Rating 6",
    "7": "Rating 7",
    "8": "Rating 8",
    "9": "Rating 9"
   },
   "color": {
    "1": "Rating 1",
    "2": "Rating 2",
    "3": "Rating 3",
    "4": "Rating 4",
    "5": "Rating 5",
    "6": "Rating 6",
    "7": "Rating 7",
    "8": "Rating 8",
    "9": "Rating 9"
   },
   "aromasmell": {
    "1": "Rating 1",
    "2": "Rating 2",
    "3": "Rating 3",
    "4": "Rating 4",
    "5": "Rating 5",
    "6": "Rating 6",
    "7": "Rating 7",
    "8": "Rating 8",
    "9": "Rating 9"
   },
   "taste": {
    "1": "Rating 1",
    "2": "Rating 2",
    "3": "Rating 3",
    "4": "Rating 4",
    "5": "Rating 5",
    "6": "Rating 6",
    "7": "Rating 7",
    "8": "Rating 8",
    "9": "Rating 9"
   },
   "flavor": {
    "1": "Rating 1",
    "2": "Rating 2",
    "3": "Rating 3",
    "4": "Rating 4",
    "5": "Rating 5",
    "6": "Rating 6",
    "7": "Rating 7",
    "8": "Rating 8",
    "9": "Rating 9"
   },
   "sweetness": {
    "1": "Rating 1",
    "2": "Rating 2",
    "3": "Rating 3",
    "4": "Rating 4",
    "5": "Rating 5",
    "6": "Rating 6",
    "7": "Rating 7",
    "8": "Rating 8",
    "9": "Rating 9"
   },
   "saltiness": {
    "1": "Rating 1",
    "2": "Rating 2",
    "3": "Rating 3",
    "4": "Rating 4",
    "5": "Rating 5",
    "6": "Rating 6",
    "7": "Rating 7",
    "8": "Rating 8",
    "9": "Rating 9"
   },
   "sourness": {
    "1": "Rating 1",
    "2": "Rating 2",
    "3": "Rating 3",
    "4": "Rating 4",
    "5": "Rating 5",
    "6": "Rating 6",
    "7": "Rating 7",
    "8": "Rating 8",
    "9": "Rating 9"
   },
   "bitterness": {
    "1": "Rating 1",
    "2": "Rating 2",
    "3": "Rating 3",
    "4": "Rating 4",
    "5": "Rating 5",
    "6": "Rating 6",
    "7": "Rating 7",
    "8": "Rating 8",
    "9": "Rating 9"
   },
   "texture": {
    "1": "Rating 1",
    "2": "Rating 2",
    "3": "Rating 3",
    "4": "Rating 4",
    "5": "Rating 5",
    "6": "Rating 6",
    "7": "Rating 7",
    "8": "Rating 8",
    "9": "Rating 9"
   },
   "thickness": {
    "1": "Rating 1",
    "2": "Rating 2",
    "3": "Rating 3",
    "4": "Rating 4",
    "5": "Rating 5",
    "6": "Rating 6",
    "7": "Rating 7",
    "8": "Rating 8",
    "9": "Rating 9"
   },
   "mouthfeel": {
    "1": "Rating 1",
    "2": "Rating 2",
    "3": "Rating 3",
    "4": "Rating 4",
    "5": "Rating 5",
    "6": "Rating 6",
    "7": "Rating 7",
    "8": "Rating 8",
    "9": "Rating 9"
   },
   "aftertaste": {
    "1": "Rating 1",
    "2": "Rating 2",
    "3": "Rating 3",
    "4": "Rating 4",
    "5": "Rating 5",
    "6": "Rating 6",
    "7": "Rating 7",
    "8": "Rating 8",
    "9": "Rating 9"
   },
   "creaminess": {
    "1": "Rating 1",
    "2": "Rating 2",
    "3": "Rating 3",
    "4": "Rating 4",
    "5": "Rating 5",
    "6": "Rating 6",
    "7": "Rating 7",
    "8": "Rating 8",
    "9": "Rating 9"
   },
   "milkiness": {
    "1": "Rating 1",
    "2": "Rating 2",
    "3": "Rating 3",
    "4": "Rating 4",
    "5": "Rating 5",
    "6": "Rating 6",
    "7": "Rating 7",
    "8": "Rating 8",
    "9": "Rating 9"
   },
   "freshness": {
    "1": "Rating 1",
    "2": "Rating 2",
    "3": "Rating 3",
    "4": "Rating 4",
    "5": "Rating 5",
    "6": "Rating 6",
    "7": "Rating 7",
    "8": "Rating 8",
    "9": "Rating 9"
   },
   "carbonation": {
    "1": "Rating 1",
    "2": "Rating 2",
    "3": "Rating 3",
    "4": "Rating 4",
    "5": "Rating 5",
    "6": "Rating 6",
    "7": "Rating 7",
    "8": "Rating 8",
    "9": "Rating 9"
   },
   "sizeoffruitpieces": {
    "1": "Rating 1",
    "2": "Rating 2",
    "3": "Rating 3",
    "4": "Rating 4",
    "5": "Rating 5",
    "6": "Rating 6",
    "7": "Rating 7",
    "8": "Rating 8",
    "9": "Rating 9"
   },
   "qtyoffruitpieces": {
    "1": "Rating 1",
    "2": "Rating 2",
    "3": "Rating 3",
    "4": "Rating 4",
    "5": "Rating 5",
    "6": "Rating 6",
    "7": "Rating 7",
    "8": "Rating 8",
    "9": "Rating 9"
   },
   "tasteoffruitpieces": {
    "1": "Rating 1",
    "2": "Rating 2",
    "3": "Rating 3",
    "4": "Rating 4",
    "5": "Rating 5",
    "6": "Rating 6",
    "7": "Rating 7",
    "8": "Rating 8",
    "9": "Rating 9"
   },
   "naturaltasteoffruitpieces": {
    "1": "Rating 1",
    "2": "Rating 2",
    "3": "Rating 3",
    "4": "Rating 4",
    "5": "Rating 5",
    "6": "Rating 6",
    "7": "Rating 7",
    "8": "Rating 8",
    "9": "Rating 9"
   },
   "mouthfeeloffruitpieces": {
    "1": "Rating 1",
    "2": "Rating 2",
    "3": "Rating 3",
    "4": "Rating 4",
    "5": "Rating 5",
    "6": "Rating 6",
    "7": "Rating 7",
    "8": "Rating 8",
    "9": "Rating 9"
   },
   "cheesetaste": {
    "1": "Rating 1",
    "2": "Rating 2",
    "3": "Rating 3",
    "4": "Rating 4",
    "5": "Rating 5",
    "6": "Rating 6",
    "7": "Rating 7",
    "8": "Rating 8",
    "9": "Rating 9"
   },
   "fattiness": {
    "1": "Rating 1",
    "2": "Rating 2",
    "3": "Rating 3",
    "4": "Rating 4",
    "5": "Rating 5",
    "6": "Rating 6",
    "7": "Rating 7",
    "8": "Rating 8",
    "9": "Rating 9"
   },
   "stomachfeel": {
    "1": "Rating 1",
    "2": "Rating 2",
    "3": "Rating 3",
    "4": "Rating 4",
    "5": "Rating 5",
    "6": "Rating 6",
    "7": "Rating 7",
    "8": "Rating 8",
    "9": "Rating 9"
   },
   "freshtaste": {
    "1": "Rating 1",
    "2": "Rating 2",
    "3": "Rating 3",
    "4": "Rating 4",
    "5": "Rating 5",
    "6": "Rating 6",
    "7": "Rating 7",
    "8": "Rating 8",
    "9": "Rating 9"
   },
   "smoothness": {
    "1": "Rating 1",
    "2": "Rating 2",
    "3": "Rating 3",
    "4": "Rating 4",
    "5": "Rating 5",
    "6": "Rating 6",
    "7": "Rating 7",
    "8": "Rating 8",
    "9": "Rating 9"
   },
   "shine": {
    "1": "Rating 1",
    "2": "Rating 2",
    "3": "Rating 3",
    "4": "Rating 4",
    "5": "Rating 5",
    "6": "Rating 6",
    "7": "Rating 7",
    "8": "Rating 8",
    "9": "Rating 9"
   },
   "size": {
    "1": "Rating 1",
    "2": "Rating 2",
    "3": "Rating 3",
    "4": "Rating 4",
    "5": "Rating 5",
    "6": "Rating 6",
    "7": "Rating 7",
    "8": "Rating 8",
    "9": "Rating 9"
   },
   "aromaorsmell": {
    "1": "Rating 1",
    "2": "Rating 2",
    "3": "Rating 3",
    "4": "Rating 4",
    "5": "Rating 5",
    "6": "Rating 6",
    "7": "Rating 7",
    "8": "Rating 8",
    "9": "Rating 9"
   },
   "aromaorsmellaftermixingwithsalad": {
    "1": "Rating 1",
    "2": "Rating 2",
    "3": "Rating 3",
    "4": "Rating 4",
    "5": "Rating 5",
    "6": "Rating 6",
    "7": "Rating 7",
    "8": "Rating 8",
    "9": "Rating 9"
   },
   "milkyaroma": {
    "1": "Rating 1",
    "2": "Rating 2",
    "3": "Rating 3",
    "4": "Rating 4",
    "5": "Rating 5",
    "6": "Rating 6",
    "7": "Rating 7",
    "8": "Rating 8",
    "9": "Rating 9"
   },
   "indulgingtaste": {
    "1": "Rating 1",
    "2": "Rating 2",
    "3": "Rating 3",
    "4": "Rating 4",
    "5": "Rating 5",
    "6": "Rating 6",
    "7": "Rating 7",
    "8": "Rating 8",
    "9": "Rating 9"
   },
   "naturaltaste": {
    "1": "Rating 1",
    "2": "Rating 2",
    "3": "Rating 3",
    "4": "Rating 4",
    "5": "Rating 5",
    "6": "Rating 6",
    "7": "Rating 7",
    "8": "Rating 8",
    "9": "Rating 9"
   },
   "tasteofmilk": {
    "1": "Rating 1",
    "2": "Rating 2",
    "3": "Rating 3",
    "4": "Rating 4",
    "5": "Rating 5",
    "6": "Rating 6",
    "7": "Rating 7",
    "8": "Rating 8",
    "9": "Rating 9"
   },
   "creamytaste": {
    "1": "Rating 1",
    "2": "Rating 2",
    "3": "Rating 3",
    "4": "Rating 4",
    "5": "Rating 5",
    "6": "Rating 6",
    "7": "Rating 7",
    "8": "Rating 8",
    "9": "Rating 9"
   },
   "tasterichincream": {
    "1": "Rating 1",
    "2": "Rating 2",
    "3": "Rating 3",
    "4": "Rating 4",
    "5": "Rating 5",
    "6": "Rating 6",
    "7": "Rating 7",
    "8": "Rating 8",
    "9": "Rating 9"
   },
   "naturalsweetness": {
    "1": "Rating 1",
    "2": "Rating 2",
    "3": "Rating 3",
    "4": "Rating 4",
    "5": "Rating 5",
    "6": "Rating 6",
    "7": "Rating 7",
    "8": "Rating 8",
    "9": "Rating 9"
   },
   "naturalsaltiness": {
    "1": "Rating 1",
    "2": "Rating 2",
    "3": "Rating 3",
    "4": "Rating 4",
    "5": "Rating 5",
    "6": "Rating 6",
    "7": "Rating 7",
    "8": "Rating 8",
    "9": "Rating 9"
   },
   "freshingredients": {
    "1": "Rating 1",
    "2": "Rating 2",
    "3": "Rating 3",
    "4": "Rating 4",
    "5": "Rating 5",
    "6": "Rating 6",
    "7": "Rating 7",
    "8": "Rating 8",
    "9": "Rating 9"
   },
   "textureorconsistency": {
    "1": "Rating 1",
    "2": "Rating 2",
    "3": "Rating 3",
    "4": "Rating 4",
    "5": "Rating 5",
    "6": "Rating 6",
    "7": "Rating 7",
    "8": "Rating 8",
    "9": "Rating 9"
   },
   "creamytexture": {
    "1": "Rating 1",
    "2": "Rating 2",
    "3": "Rating 3",
    "4": "Rating 4",
    "5": "Rating 5",
    "6": "Rating 6",
    "7": "Rating 7",
    "8": "Rating 8",
    "9": "Rating 9"
   },
   "firmness": {
    "1": "Rating 1",
    "2": "Rating 2",
    "3": "Rating 3",
    "4": "Rating 4",
    "5": "Rating 5",
    "6": "Rating 6",
    "7": "Rating 7",
    "8": "Rating 8",
    "9": "Rating 9"
   },
   "lightness": {
    "1": "Rating 1",
    "2": "Rating 2",
    "3": "Rating 3",
    "4": "Rating 4",
    "5": "Rating 5",
    "6": "Rating 6",
    "7": "Rating 7",
    "8": "Rating 8",
    "9": "Rating 9"
   },
   "spreadability": {
    "1": "Rating 1",
    "2": "Rating 2",
    "3": "Rating 3",
    "4": "Rating 4",
    "5": "Rating 5",
    "6": "Rating 6",
    "7": "Rating 7",
    "8": "Rating 8",
    "9": "Rating 9"
   },
   "pourability": {
    "1": "Rating 1",
    "2": "Rating 2",
    "3": "Rating 3",
    "4": "Rating 4",
    "5": "Rating 5",
    "6": "Rating 6",
    "7": "Rating 7",
    "8": "Rating 8",
    "9": "Rating 9"
   },
   "stickiness": {
    "1": "Rating 1",
    "2": "Rating 2",
    "3": "Rating 3",
    "4": "Rating 4",
    "5": "Rating 5",
    "6": "Rating 6",
    "7": "Rating 7",
    "8": "Rating 8",
    "9": "Rating 9"
   },
   "crispiness": {
    "1": "Rating 1",
    "2": "Rating 2",
    "3": "Rating 3",
    "4": "Rating 4",
    "5": "Rating 5",
    "6": "Rating 6",
    "7": "Rating 7",
    "8": "Rating 8",
    "9": "Rating 9"
   },
   "oiliness": {
    "1": "Rating 1",
    "2": "Rating 2",
    "3": "Rating 3",
    "4": "Rating 4",
    "5": "Rating 5",
    "6": "Rating 6",
    "7": "Rating 7",
    "8": "Rating 8",
    "9": "Rating 9"
   },
   "tastegoodforbreakfast": {
    "1": "Rating 1",
    "2": "Rating 2",
    "3": "Rating 3",
    "4": "Rating 4",
    "5": "Rating 5",
    "6": "Rating 6",
    "7": "Rating 7",
    "8": "Rating 8",
    "9": "Rating 9"
   },
   "qualityofpotato": {
    "1": "Rating 1",
    "2": "Rating 2",
    "3": "Rating 3",
    "4": "Rating 4",
    "5": "Rating 5",
    "6": "Rating 6",
    "7": "Rating 7",
    "8": "Rating 8",
    "9": "Rating 9"
   },
   "easeofmixingduringfoodpreparation": {
    "1": "Rating 1",
    "2": "Rating 2",
    "3": "Rating 3",
    "4": "Rating 4",
    "5": "Rating 5",
    "6": "Rating 6",
    "7": "Rating 7",
    "8": "Rating 8",
    "9": "Rating 9"
   },
   "acidityofoil": {
    "1": "Rating 1",
    "2": "Rating 2",
    "3": "Rating 3",
    "4": "Rating 4",
    "5": "Rating 5",
    "6": "Rating 6",
    "7": "Rating 7",
    "8": "Rating 8",
    "9": "Rating 9"
   },
   "tasteofenddish": {
    "1": "Rating 1",
    "2": "Rating 2",
    "3": "Rating 3",
    "4": "Rating 4",
    "5": "Rating 5",
    "6": "Rating 6",
    "7": "Rating 7",
    "8": "Rating 8",
    "9": "Rating 9"
   },
   "likelihoodtorecommend": {
    "1": "Rating 1",
    "2": "Rating 2",
    "3": "Rating 3",
    "4": "Rating 4",
    "5": "Rating 5",
    "6": "Rating 6",
    "7": "Rating 7",
    "8": "Rating 8",
    "9": "Rating 9"
   },
   "colour": {
    "1": "Rating 1",
    "2": "Rating 2",
    "3": "Rating 3",
    "4": "Rating 4",
    "5": "Rating 5",
    "6": "Rating 6",
    "7": "Rating 7",
    "8": "Rating 8",
    "9": "Rating 9"
   },
   "easeofspreading": {
    "1": "Rating 1",
    "2": "Rating 2",
    "3": "Rating 3",
    "4": "Rating 4",
    "5": "Rating 5",
    "6": "Rating 6",
    "7": "Rating 7",
    "8": "Rating 8",
    "9": "Rating 9"
   },
   "thicknessorconsistency": {
    "1": "Rating 1",
    "2": "Rating 2",
    "3": "Rating 3",
    "4": "Rating 4",
    "5": "Rating 5",
    "6": "Rating 6",
    "7": "Rating 7",
    "8": "Rating 8",
    "9": "Rating 9"
   },
   "smellorfragrance": {
    "1": "Rating 1",
    "2": "Rating 2",
    "3": "Rating 3",
    "4": "Rating 4",
    "5": "Rating 5",
    "6": "Rating 6",
    "7": "Rating 7",
    "8": "Rating 8",
    "9": "Rating 9"
   },
   "mildorgentle": {
    "1": "Rating 1",
    "2": "Rating 2",
    "3": "Rating 3",
    "4": "Rating 4",
    "5": "Rating 5",
    "6": "Rating 6",
    "7": "Rating 7",
    "8": "Rating 8",
    "9": "Rating 9"
   },
   "shineofhairextension": {
    "1": "Rating 1",
    "2": "Rating 2",
    "3": "Rating 3",
    "4": "Rating 4",
    "5": "Rating 5",
    "6": "Rating 6",
    "7": "Rating 7",
    "8": "Rating 8",
    "9": "Rating 9"
   },
   "softnessofhairextension": {
    "1": "Rating 1",
    "2": "Rating 2",
    "3": "Rating 3",
    "4": "Rating 4",
    "5": "Rating 5",
    "6": "Rating 6",
    "7": "Rating 7",
    "8": "Rating 8",
    "9": "Rating 9"
   },
   "smoothnessofhairextension": {
    "1": "Rating 1",
    "2": "Rating 2",
    "3": "Rating 3",
    "4": "Rating 4",
    "5": "Rating 5",
    "6": "Rating 6",
    "7": "Rating 7",
    "8": "Rating 8",
    "9": "Rating 9"
   },
   "strengthofhairextension": {
    "1": "Rating 1",
    "2": "Rating 2",
    "3": "Rating 3",
    "4": "Rating 4",
    "5": "Rating 5",
    "6": "Rating 6",
    "7": "Rating 7",
    "8": "Rating 8",
    "9": "Rating 9"
   },
   "quantityinsinglepack": {
    "1": "Rating 1",
    "2": "Rating 2",
    "3": "Rating 3",
    "4": "Rating 4",
    "5": "Rating 5",
    "6": "Rating 6",
    "7": "Rating 7",
    "8": "Rating 8",
    "9": "Rating 9"
   },
   "easeoffixing": {
    "1": "Rating 1",
    "2": "Rating 2",
    "3": "Rating 3",
    "4": "Rating 4",
    "5": "Rating 5",
    "6": "Rating 6",
    "7": "Rating 7",
    "8": "Rating 8",
    "9": "Rating 9"
   },
   "easeofoplaiting": {
    "1": "Rating 1",
    "2": "Rating 2",
    "3": "Rating 3",
    "4": "Rating 4",
    "5": "Rating 5",
    "6": "Rating 6",
    "7": "Rating 7",
    "8": "Rating 8",
    "9": "Rating 9"
   },
   "easeofgripping": {
    "1": "Rating 1",
    "2": "Rating 2",
    "3": "Rating 3",
    "4": "Rating 4",
    "5": "Rating 5",
    "6": "Rating 6",
    "7": "Rating 7",
    "8": "Rating 8",
    "9": "Rating 9"
   },
   "easeofsplitting": {
    "1": "Rating 1",
    "2": "Rating 2",
    "3": "Rating 3",
    "4": "Rating 4",
    "5": "Rating 5",
    "6": "Rating 6",
    "7": "Rating 7",
    "8": "Rating 8",
    "9": "Rating 9"
   },
   "easeoftrimming": {
    "1": "Rating 1",
    "2": "Rating 2",
    "3": "Rating 3",
    "4": "Rating 4",
    "5": "Rating 5",
    "6": "Rating 6",
    "7": "Rating 7",
    "8": "Rating 8",
    "9": "Rating 9"
   },
   "neatnessofplaits": {
    "1": "Rating 1",
    "2": "Rating 2",
    "3": "Rating 3",
    "4": "Rating 4",
    "5": "Rating 5",
    "6": "Rating 6",
    "7": "Rating 7",
    "8": "Rating 8",
    "9": "Rating 9"
   },
   "extentoftangingduringcombing": {
    "1": "Rating 1",
    "2": "Rating 2",
    "3": "Rating 3",
    "4": "Rating 4",
    "5": "Rating 5",
    "6": "Rating 6",
    "7": "Rating 7",
    "8": "Rating 8",
    "9": "Rating 9"
   },
   "extentoftangingduringfixing": {
    "1": "Rating 1",
    "2": "Rating 2",
    "3": "Rating 3",
    "4": "Rating 4",
    "5": "Rating 5",
    "6": "Rating 6",
    "7": "Rating 7",
    "8": "Rating 8",
    "9": "Rating 9"
   },
   "comfortonfingers": {
    "1": "Rating 1",
    "2": "Rating 2",
    "3": "Rating 3",
    "4": "Rating 4",
    "5": "Rating 5",
    "6": "Rating 6",
    "7": "Rating 7",
    "8": "Rating 8",
    "9": "Rating 9"
   },
   "shineofbraids": {
    "1": "Rating 1",
    "2": "Rating 2",
    "3": "Rating 3",
    "4": "Rating 4",
    "5": "Rating 5",
    "6": "Rating 6",
    "7": "Rating 7",
    "8": "Rating 8",
    "9": "Rating 9"
   },
   "softnessofbraids": {
    "1": "Rating 1",
    "2": "Rating 2",
    "3": "Rating 3",
    "4": "Rating 4",
    "5": "Rating 5",
    "6": "Rating 6",
    "7": "Rating 7",
    "8": "Rating 8",
    "9": "Rating 9"
   },
   "smoothnessofbraids": {
    "1": "Rating 1",
    "2": "Rating 2",
    "3": "Rating 3",
    "4": "Rating 4",
    "5": "Rating 5",
    "6": "Rating 6",
    "7": "Rating 7",
    "8": "Rating 8",
    "9": "Rating 9"
   },
   "thicknessofbraids": {
    "1": "Rating 1",
    "2": "Rating 2",
    "3": "Rating 3",
    "4": "Rating 4",
    "5": "Rating 5",
    "6": "Rating 6",
    "7": "Rating 7",
    "8": "Rating 8",
    "9": "Rating 9"
   },
   "heavinessofbraids": {
    "1": "Rating 1",
    "2": "Rating 2",
    "3": "Rating 3",
    "4": "Rating 4",
    "5": "Rating 5",
    "6": "Rating 6",
    "7": "Rating 7",
    "8": "Rating 8",
    "9": "Rating 9"
   },
   "overallopiniononfinallook": {
    "1": "Rating 1",
    "2": "Rating 2",
    "3": "Rating 3",
    "4": "Rating 4",
    "5": "Rating 5",
    "6": "Rating 6",
    "7": "Rating 7",
    "8": "Rating 8",
    "9": "Rating 9"
   },
   "hairfallwhileapplying": {
    "1": "Rating 1",
    "2": "Rating 2",
    "3": "Rating 3",
    "4": "Rating 4",
    "5": "Rating 5",
    "6": "Rating 6",
    "7": "Rating 7",
    "8": "Rating 8",
    "9": "Rating 9"
   },
   "colourofhairpostwashing": {
    "1": "Rating 1",
    "2": "Rating 2",
    "3": "Rating 3",
    "4": "Rating 4",
    "5": "Rating 5",
    "6": "Rating 6",
    "7": "Rating 7",
    "8": "Rating 8",
    "9": "Rating 9"
   },
   "shineofhairpostwashing": {
    "1": "Rating 1",
    "2": "Rating 2",
    "3": "Rating 3",
    "4": "Rating 4",
    "5": "Rating 5",
    "6": "Rating 6",
    "7": "Rating 7",
    "8": "Rating 8",
    "9": "Rating 9"
   },
   "bodyorvolumeofhairpostwashing": {
    "1": "Rating 1",
    "2": "Rating 2",
    "3": "Rating 3",
    "4": "Rating 4",
    "5": "Rating 5",
    "6": "Rating 6",
    "7": "Rating 7",
    "8": "Rating 8",
    "9": "Rating 9"
   },
   "bounceofhairpostwashing": {
    "1": "Rating 1",
    "2": "Rating 2",
    "3": "Rating 3",
    "4": "Rating 4",
    "5": "Rating 5",
    "6": "Rating 6",
    "7": "Rating 7",
    "8": "Rating 8",
    "9": "Rating 9"
   },
   "straighteningofhairpostwashing": {
    "1": "Rating 1",
    "2": "Rating 2",
    "3": "Rating 3",
    "4": "Rating 4",
    "5": "Rating 5",
    "6": "Rating 6",
    "7": "Rating 7",
    "8": "Rating 8",
    "9": "Rating 9"
   },
   "efficacyoftheproduct": {
    "1": "Rating 1",
    "2": "Rating 2",
    "3": "Rating 3",
    "4": "Rating 4",
    "5": "Rating 5",
    "6": "Rating 6",
    "7": "Rating 7",
    "8": "Rating 8",
    "9": "Rating 9"
   },
   "hairfallwhilewashingofftheproduct": {
    "1": "Rating 1",
    "2": "Rating 2",
    "3": "Rating 3",
    "4": "Rating 4",
    "5": "Rating 5",
    "6": "Rating 6",
    "7": "Rating 7",
    "8": "Rating 8",
    "9": "Rating 9"
   },
   "burningorscarringofscalpduetotheproductapplied": {
    "1": "Rating 1",
    "2": "Rating 2",
    "3": "Rating 3",
    "4": "Rating 4",
    "5": "Rating 5",
    "6": "Rating 6",
    "7": "Rating 7",
    "8": "Rating 8",
    "9": "Rating 9"
   },
   "hairstrengthafterwashingofftheproduct": {
    "1": "Rating 1",
    "2": "Rating 2",
    "3": "Rating 3",
    "4": "Rating 4",
    "5": "Rating 5",
    "6": "Rating 6",
    "7": "Rating 7",
    "8": "Rating 8",
    "9": "Rating 9"
   },
   "overalltimetakenintheentireprocess": {
    "1": "Rating 1",
    "2": "Rating 2",
    "3": "Rating 3",
    "4": "Rating 4",
    "5": "Rating 5",
    "6": "Rating 6",
    "7": "Rating 7",
    "8": "Rating 8",
    "9": "Rating 9"
   },
   "doesnotirritateorstingoritch": {
    "1": "Rating 1",
    "2": "Rating 2",
    "3": "Rating 3",
    "4": "Rating 4",
    "5": "Rating 5",
    "6": "Rating 6",
    "7": "Rating 7",
    "8": "Rating 8",
    "9": "Rating 9"
   },
   "relevanceoverall": {
    "1": "Rating 1",
    "2": "Rating 2",
    "3": "Rating 3",
    "4": "Rating 4",
    "5": "Rating 5",
    "6": "Rating 6",
    "7": "Rating 7",
    "8": "Rating 8",
    "9": "Rating 9"
   },
   "concept_uniqueness": {
    "1": "Rating 1",
    "2": "Rating 2",
    "3": "Rating 3",
    "4": "Rating 4",
    "5": "Rating 5",
    "6": "Rating 6",
    "7": "Rating 7",
    "8": "Rating 8",
    "9": "Rating 9"
   },
   "comprehension": {
    "1": "Rating 1",
    "2": "Rating 2",
    "3": "Rating 3",
    "4": "Rating 4",
    "5": "Rating 5",
    "6": "Rating 6",
    "7": "Rating 7",
    "8": "Rating 8",
    "9": "Rating 9"
   },
   "believability": {
    "1": "Rating 1",
    "2": "Rating 2",
    "3": "Rating 3",
    "4": "Rating 4",
    "5": "Rating 5",
    "6": "Rating 6",
    "7": "Rating 7",
    "8": "Rating 8",
    "9": "Rating 9"
   },
   "concept_valueformoney": {
    "1": "Rating 1",
    "2": "Rating 2",
    "3": "Rating 3",
    "4": "Rating 4",
    "5": "Rating 5",
    "6": "Rating 6",
    "7": "Rating 7",
    "8": "Rating 8",
    "9": "Rating 9"
   },
   "pack_relevance": {
    "1": "Rating 1",
    "2": "Rating 2",
    "3": "Rating 3",
    "4": "Rating 4",
    "5": "Rating 5",
    "6": "Rating 6",
    "7": "Rating 7",
    "8": "Rating 8",
    "9": "Rating 9"
   },
   "pack_uniqueness": {
    "1": "Rating 1",
    "2": "Rating 2",
    "3": "Rating 3",
    "4": "Rating 4",
    "5": "Rating 5",
    "6": "Rating 6",
    "7": "Rating 7",
    "8": "Rating 8",
    "9": "Rating 9"
   },
   "pack_valueformoney": {
    "1": "Rating 1",
    "2": "Rating 2",
    "3": "Rating 3",
    "4": "Rating 4",
    "5": "Rating 5",
    "6": "Rating 6",
    "7": "Rating 7",
    "8": "Rating 8",
    "9": "Rating 9"
   },
   "overallattractiveness": {
    "1": "Rating 1",
    "2": "Rating 2",
    "3": "Rating 3",
    "4": "Rating 4",
    "5": "Rating 5",
    "6": "Rating 6",
    "7": "Rating 7",
    "8": "Rating 8",
    "9": "Rating 9"
   },
   "attractiveorlikepackcolour": {
    "1": "Rating 1",
    "2": "Rating 2",
    "3": "Rating 3",
    "4": "Rating 4",
    "5": "Rating 5",
    "6": "Rating 6",
    "7": "Rating 7",
    "8": "Rating 8",
    "9": "Rating 9"
   },
   "attractiveshapeorlikeshape": {
    "1": "Rating 1",
    "2": "Rating 2",
    "3": "Rating 3",
    "4": "Rating 4",
    "5": "Rating 5",
    "6": "Rating 6",
    "7": "Rating 7",
    "8": "Rating 8",
    "9": "Rating 9"
   },
   "attractivedesign": {
    "1": "Rating 1",
    "2": "Rating 2",
    "3": "Rating 3",
    "4": "Rating 4",
    "5": "Rating 5",
    "6": "Rating 6",
    "7": "Rating 7",
    "8": "Rating 8",
    "9": "Rating 9"
   },
   "innovativedesign": {
    "1": "Rating 1",
    "2": "Rating 2",
    "3": "Rating 3",
    "4": "Rating 4",
    "5": "Rating 5",
    "6": "Rating 6",
    "7": "Rating 7",
    "8": "Rating 8",
    "9": "Rating 9"
   },
   "premiumlook": {
    "1": "Rating 1",
    "2": "Rating 2",
    "3": "Rating 3",
    "4": "Rating 4",
    "5": "Rating 5",
    "6": "Rating 6",
    "7": "Rating 7",
    "8": "Rating 8",
    "9": "Rating 9"
   },
   "modernorcontemporarylook": {
    "1": "Rating 1",
    "2": "Rating 2",
    "3": "Rating 3",
    "4": "Rating 4",
    "5": "Rating 5",
    "6": "Rating 6",
    "7": "Rating 7",
    "8": "Rating 8",
    "9": "Rating 9"
   },
   "traditionallook": {
    "1": "Rating 1",
    "2": "Rating 2",
    "3": "Rating 3",
    "4": "Rating 4",
    "5": "Rating 5",
    "6": "Rating 6",
    "7": "Rating 7",
    "8": "Rating 8",
    "9": "Rating 9"
   },
   "elegantlook": {
    "1": "Rating 1",
    "2": "Rating 2",
    "3": "Rating 3",
    "4": "Rating 4",
    "5": "Rating 5",
    "6": "Rating 6",
    "7": "Rating 7",
    "8": "Rating 8",
    "9": "Rating 9"
   },
   "eyecatching": {
    "1": "Rating 1",
    "2": "Rating 2",
    "3": "Rating 3",
    "4": "Rating 4",
    "5": "Rating 5",
    "6": "Rating 6",
    "7": "Rating 7",
    "8": "Rating 8",
    "9": "Rating 9"
   },
   "wouldstandoutonshelf": {
    "1": "Rating 1",
    "2": "Rating 2",
    "3": "Rating 3",
    "4": "Rating 4",
    "5": "Rating 5",
    "6": "Rating 6",
    "7": "Rating 7",
    "8": "Rating 8",
    "9": "Rating 9"
   },
   "wellsealed": {
    "1": "Rating 1",
    "2": "Rating 2",
    "3": "Rating 3",
    "4": "Rating 4",
    "5": "Rating 5",
    "6": "Rating 6",
    "7": "Rating 7",
    "8": "Rating 8",
    "9": "Rating 9"
   },
   "safetouse": {
    "1": "Rating 1",
    "2": "Rating 2",
    "3": "Rating 3",
    "4": "Rating 4",
    "5": "Rating 5",
    "6": "Rating 6",
    "7": "Rating 7",
    "8": "Rating 8",
    "9": "Rating 9"
   },
   "convenienttouse": {
    "1": "Rating 1",
    "2": "Rating 2",
    "3": "Rating 3",
    "4": "Rating 4",
    "5": "Rating 5",
    "6": "Rating 6",
    "7": "Rating 7",
    "8": "Rating 8",
    "9": "Rating 9"
   },
   "suitableforinhomeuse": {
    "1": "Rating 1",
    "2": "Rating 2",
    "3": "Rating 3",
    "4": "Rating 4",
    "5": "Rating 5",
    "6": "Rating 6",
    "7": "Rating 7",
    "8": "Rating 8",
    "9": "Rating 9"
   },
   "suitableforoutofhomeuse": {
    "1": "Rating 1",
    "2": "Rating 2",
    "3": "Rating 3",
    "4": "Rating 4",
    "5": "Rating 5",
    "6": "Rating 6",
    "7": "Rating 7",
    "8": "Rating 8",
    "9": "Rating 9"
   },
   "goodqualitymaterial": {
    "1": "Rating 1",
    "2": "Rating 2",
    "3": "Rating 3",
    "4": "Rating 4",
    "5": "Rating 5",
    "6": "Rating 6",
    "7": "Rating 7",
    "8": "Rating 8",
    "9": "Rating 9"
   },
   "easeofholding": {
    "1": "Rating 1",
    "2": "Rating 2",
    "3": "Rating 3",
    "4": "Rating 4",
    "5": "Rating 5",
    "6": "Rating 6",
    "7": "Rating 7",
    "8": "Rating 8",
    "9": "Rating 9"
   }
}